<?xml version="1.0"?>
<font>
  <info face="WarGames" size="16" bold="0" italic="0" charset="" unicode="1" stretchH="100" smooth="1" aa="1" padding="0,0,0,0" spacing="1,1" outline="0"/>
  <common lineHeight="16" base="12" scaleW="256" scaleH="256" pages="1" packed="0" alphaChnl="1" redChnl="0" greenChnl="0" blueChnl="0"/>
  <pages>
    <page id="0" file="wargames_0.png" />
  </pages>
  <chars count="108">
    <char id="32" x="253" y="14" width="1" height="1" xoffset="0" yoffset="0" xadvance="11" page="0" chnl="15" />
    <char id="33" x="210" y="28" width="4" height="13" xoffset="3" yoffset="-1" xadvance="11" page="0" chnl="15" />
    <char id="34" x="7" y="55" width="7" height="5" xoffset="1" yoffset="-1" xadvance="11" page="0" chnl="15" />
    <char id="35" x="222" y="28" width="10" height="10" xoffset="0" yoffset="1" xadvance="11" page="0" chnl="15" />
    <char id="36" x="40" y="0" width="10" height="13" xoffset="0" yoffset="-1" xadvance="11" page="0" chnl="15" />
    <char id="37" x="51" y="0" width="10" height="13" xoffset="0" yoffset="-1" xadvance="11" page="0" chnl="15" />
    <char id="38" x="62" y="0" width="10" height="13" xoffset="0" yoffset="-1" xadvance="11" page="0" chnl="15" />
    <char id="39" x="15" y="55" width="4" height="5" xoffset="3" yoffset="-1" xadvance="11" page="0" chnl="15" />
    <char id="40" x="157" y="28" width="7" height="13" xoffset="1" yoffset="-1" xadvance="11" page="0" chnl="15" />
    <char id="41" x="149" y="28" width="7" height="13" xoffset="2" yoffset="-1" xadvance="11" page="0" chnl="15" />
    <char id="42" x="11" y="44" width="10" height="10" xoffset="0" yoffset="1" xadvance="11" page="0" chnl="15" />
    <char id="43" x="244" y="28" width="10" height="10" xoffset="0" yoffset="1" xadvance="11" page="0" chnl="15" />
    <char id="44" x="0" y="55" width="6" height="6" xoffset="1" yoffset="8" xadvance="11" page="0" chnl="15" />
    <char id="45" x="36" y="52" width="10" height="2" xoffset="0" yoffset="5" xadvance="11" page="0" chnl="15" />
    <char id="46" x="20" y="55" width="4" height="4" xoffset="2" yoffset="8" xadvance="11" page="0" chnl="15" />
    <char id="47" x="123" y="28" width="8" height="13" xoffset="0" yoffset="-1" xadvance="11" page="0" chnl="15" />
    <char id="48" x="172" y="0" width="10" height="13" xoffset="0" yoffset="-1" xadvance="11" page="0" chnl="15" />
    <char id="49" x="173" y="28" width="7" height="13" xoffset="1" yoffset="-1" xadvance="11" page="0" chnl="15" />
    <char id="50" x="194" y="0" width="10" height="13" xoffset="0" yoffset="-1" xadvance="11" page="0" chnl="15" />
    <char id="51" x="205" y="0" width="10" height="13" xoffset="0" yoffset="-1" xadvance="11" page="0" chnl="15" />
    <char id="52" x="216" y="0" width="10" height="13" xoffset="0" yoffset="-1" xadvance="11" page="0" chnl="15" />
    <char id="53" x="227" y="0" width="10" height="13" xoffset="0" yoffset="-1" xadvance="11" page="0" chnl="15" />
    <char id="54" x="44" y="14" width="10" height="13" xoffset="0" yoffset="-1" xadvance="11" page="0" chnl="15" />
    <char id="55" x="0" y="16" width="10" height="13" xoffset="0" yoffset="-1" xadvance="11" page="0" chnl="15" />
    <char id="56" x="11" y="16" width="10" height="13" xoffset="0" yoffset="-1" xadvance="11" page="0" chnl="15" />
    <char id="57" x="22" y="14" width="10" height="13" xoffset="0" yoffset="-1" xadvance="11" page="0" chnl="15" />
    <char id="58" x="174" y="42" width="4" height="9" xoffset="3" yoffset="3" xadvance="11" page="0" chnl="15" />
    <char id="59" x="215" y="28" width="6" height="11" xoffset="1" yoffset="3" xadvance="11" page="0" chnl="15" />
    <char id="60" x="132" y="28" width="8" height="13" xoffset="0" yoffset="-1" xadvance="11" page="0" chnl="15" />
    <char id="61" x="230" y="39" width="10" height="6" xoffset="0" yoffset="3" xadvance="11" page="0" chnl="15" />
    <char id="62" x="114" y="28" width="8" height="13" xoffset="0" yoffset="-1" xadvance="11" page="0" chnl="15" />
    <char id="63" x="88" y="14" width="10" height="13" xoffset="0" yoffset="-1" xadvance="11" page="0" chnl="15" />
    <char id="64" x="99" y="14" width="10" height="13" xoffset="0" yoffset="-1" xadvance="11" page="0" chnl="15" />
    <char id="65" x="110" y="14" width="10" height="13" xoffset="0" yoffset="-1" xadvance="11" page="0" chnl="15" />
    <char id="66" x="121" y="14" width="10" height="13" xoffset="0" yoffset="-1" xadvance="11" page="0" chnl="15" />
    <char id="67" x="132" y="14" width="10" height="13" xoffset="0" yoffset="-1" xadvance="11" page="0" chnl="15" />
    <char id="68" x="143" y="14" width="10" height="13" xoffset="0" yoffset="-1" xadvance="11" page="0" chnl="15" />
    <char id="69" x="154" y="14" width="10" height="13" xoffset="0" yoffset="-1" xadvance="11" page="0" chnl="15" />
    <char id="70" x="165" y="14" width="10" height="13" xoffset="0" yoffset="-1" xadvance="11" page="0" chnl="15" />
    <char id="71" x="176" y="14" width="10" height="13" xoffset="0" yoffset="-1" xadvance="11" page="0" chnl="15" />
    <char id="72" x="187" y="14" width="10" height="13" xoffset="0" yoffset="-1" xadvance="11" page="0" chnl="15" />
    <char id="73" x="141" y="28" width="7" height="13" xoffset="1" yoffset="-1" xadvance="11" page="0" chnl="15" />
    <char id="74" x="209" y="14" width="10" height="13" xoffset="0" yoffset="-1" xadvance="11" page="0" chnl="15" />
    <char id="75" x="220" y="14" width="10" height="13" xoffset="0" yoffset="-1" xadvance="11" page="0" chnl="15" />
    <char id="76" x="231" y="14" width="10" height="13" xoffset="0" yoffset="-1" xadvance="11" page="0" chnl="15" />
    <char id="77" x="29" y="0" width="10" height="13" xoffset="0" yoffset="-1" xadvance="11" page="0" chnl="15" />
    <char id="78" x="117" y="0" width="10" height="13" xoffset="0" yoffset="-1" xadvance="11" page="0" chnl="15" />
    <char id="79" x="77" y="14" width="10" height="13" xoffset="0" yoffset="-1" xadvance="11" page="0" chnl="15" />
    <char id="80" x="55" y="14" width="10" height="13" xoffset="0" yoffset="-1" xadvance="11" page="0" chnl="15" />
    <char id="81" x="0" y="0" width="10" height="15" xoffset="0" yoffset="-1" xadvance="11" page="0" chnl="15" />
    <char id="82" x="238" y="0" width="10" height="13" xoffset="0" yoffset="-1" xadvance="11" page="0" chnl="15" />
    <char id="83" x="183" y="0" width="10" height="13" xoffset="0" yoffset="-1" xadvance="11" page="0" chnl="15" />
    <char id="84" x="161" y="0" width="10" height="13" xoffset="0" yoffset="-1" xadvance="11" page="0" chnl="15" />
    <char id="85" x="139" y="0" width="10" height="13" xoffset="0" yoffset="-1" xadvance="11" page="0" chnl="15" />
    <char id="86" x="198" y="14" width="10" height="13" xoffset="0" yoffset="-1" xadvance="11" page="0" chnl="15" />
    <char id="87" x="66" y="14" width="10" height="13" xoffset="0" yoffset="-1" xadvance="11" page="0" chnl="15" />
    <char id="88" x="33" y="14" width="10" height="13" xoffset="0" yoffset="-1" xadvance="11" page="0" chnl="15" />
    <char id="89" x="150" y="0" width="10" height="13" xoffset="0" yoffset="-1" xadvance="11" page="0" chnl="15" />
    <char id="90" x="128" y="0" width="10" height="13" xoffset="0" yoffset="-1" xadvance="11" page="0" chnl="15" />
    <char id="91" x="165" y="28" width="7" height="13" xoffset="1" yoffset="-1" xadvance="11" page="0" chnl="15" />
    <char id="92" x="86" y="28" width="9" height="13" xoffset="0" yoffset="-1" xadvance="11" page="0" chnl="15" />
    <char id="93" x="181" y="28" width="7" height="13" xoffset="1" yoffset="-1" xadvance="11" page="0" chnl="15" />
    <char id="94" x="190" y="42" width="10" height="7" xoffset="0" yoffset="-1" xadvance="11" page="0" chnl="15" />
    <char id="95" x="25" y="53" width="10" height="2" xoffset="0" yoffset="10" xadvance="11" page="0" chnl="15" />
    <char id="96" x="212" y="42" width="5" height="7" xoffset="2" yoffset="-1" xadvance="11" page="0" chnl="15" />
    <char id="97" x="143" y="42" width="10" height="9" xoffset="0" yoffset="3" xadvance="11" page="0" chnl="15" />
    <char id="98" x="106" y="0" width="10" height="13" xoffset="0" yoffset="-1" xadvance="11" page="0" chnl="15" />
    <char id="99" x="164" y="42" width="9" height="9" xoffset="0" yoffset="3" xadvance="11" page="0" chnl="15" />
    <char id="100" x="95" y="0" width="10" height="13" xoffset="0" yoffset="-1" xadvance="11" page="0" chnl="15" />
    <char id="101" x="110" y="42" width="10" height="9" xoffset="0" yoffset="3" xadvance="11" page="0" chnl="15" />
    <char id="102" x="105" y="28" width="8" height="13" xoffset="1" yoffset="-1" xadvance="11" page="0" chnl="15" />
    <char id="103" x="84" y="0" width="10" height="13" xoffset="0" yoffset="3" xadvance="11" page="0" chnl="15" />
    <char id="104" x="73" y="0" width="10" height="13" xoffset="0" yoffset="-1" xadvance="11" page="0" chnl="15" />
    <char id="105" x="249" y="0" width="5" height="13" xoffset="2" yoffset="-1" xadvance="11" page="0" chnl="15" />
    <char id="106" x="11" y="0" width="6" height="15" xoffset="1" yoffset="-1" xadvance="11" page="0" chnl="15" />
    <char id="107" x="76" y="28" width="9" height="13" xoffset="0" yoffset="-1" xadvance="11" page="0" chnl="15" />
    <char id="108" x="189" y="28" width="5" height="13" xoffset="3" yoffset="-1" xadvance="11" page="0" chnl="15" />
    <char id="109" x="99" y="42" width="10" height="9" xoffset="0" yoffset="3" xadvance="11" page="0" chnl="15" />
    <char id="110" x="77" y="42" width="10" height="9" xoffset="0" yoffset="3" xadvance="11" page="0" chnl="15" />
    <char id="111" x="66" y="42" width="10" height="9" xoffset="0" yoffset="3" xadvance="11" page="0" chnl="15" />
    <char id="112" x="18" y="0" width="10" height="13" xoffset="0" yoffset="3" xadvance="11" page="0" chnl="15" />
    <char id="113" x="242" y="14" width="10" height="13" xoffset="0" yoffset="3" xadvance="11" page="0" chnl="15" />
    <char id="114" x="55" y="42" width="10" height="9" xoffset="0" yoffset="3" xadvance="11" page="0" chnl="15" />
    <char id="115" x="44" y="42" width="10" height="9" xoffset="0" yoffset="3" xadvance="11" page="0" chnl="15" />
    <char id="116" x="0" y="30" width="10" height="13" xoffset="0" yoffset="-1" xadvance="11" page="0" chnl="15" />
    <char id="117" x="33" y="42" width="10" height="9" xoffset="0" yoffset="3" xadvance="11" page="0" chnl="15" />
    <char id="118" x="88" y="42" width="10" height="9" xoffset="0" yoffset="3" xadvance="11" page="0" chnl="15" />
    <char id="119" x="121" y="42" width="10" height="9" xoffset="0" yoffset="3" xadvance="11" page="0" chnl="15" />
    <char id="120" x="132" y="42" width="10" height="9" xoffset="0" yoffset="3" xadvance="11" page="0" chnl="15" />
    <char id="121" x="11" y="30" width="10" height="13" xoffset="0" yoffset="3" xadvance="11" page="0" chnl="15" />
    <char id="122" x="154" y="42" width="9" height="9" xoffset="0" yoffset="3" xadvance="11" page="0" chnl="15" />
    <char id="123" x="66" y="28" width="9" height="13" xoffset="0" yoffset="-1" xadvance="11" page="0" chnl="15" />
    <char id="124" x="200" y="28" width="4" height="13" xoffset="3" yoffset="-1" xadvance="11" page="0" chnl="15" />
    <char id="125" x="96" y="28" width="8" height="13" xoffset="0" yoffset="-1" xadvance="11" page="0" chnl="15" />
    <char id="126" x="241" y="39" width="10" height="6" xoffset="0" yoffset="3" xadvance="11" page="0" chnl="15" />
    <char id="161" x="205" y="28" width="4" height="13" xoffset="3" yoffset="-1" xadvance="11" page="0" chnl="15" />
    <char id="163" x="22" y="28" width="10" height="13" xoffset="0" yoffset="-1" xadvance="11" page="0" chnl="15" />
    <char id="164" x="0" y="44" width="10" height="10" xoffset="0" yoffset="1" xadvance="11" page="0" chnl="15" />
    <char id="165" x="33" y="28" width="10" height="13" xoffset="0" yoffset="-1" xadvance="11" page="0" chnl="15" />
    <char id="166" x="195" y="28" width="4" height="13" xoffset="3" yoffset="-1" xadvance="11" page="0" chnl="15" />
    <char id="169" x="44" y="28" width="10" height="13" xoffset="0" yoffset="-1" xadvance="11" page="0" chnl="15" />
    <char id="182" x="55" y="28" width="10" height="13" xoffset="0" yoffset="-1" xadvance="11" page="0" chnl="15" />
    <char id="215" x="22" y="42" width="10" height="10" xoffset="0" yoffset="1" xadvance="11" page="0" chnl="15" />
    <char id="247" x="233" y="28" width="10" height="10" xoffset="0" yoffset="1" xadvance="11" page="0" chnl="15" />
    <char id="8216" x="218" y="40" width="5" height="7" xoffset="3" yoffset="-1" xadvance="11" page="0" chnl="15" />
    <char id="8217" x="224" y="39" width="5" height="7" xoffset="3" yoffset="-1" xadvance="11" page="0" chnl="15" />
    <char id="8220" x="201" y="42" width="10" height="7" xoffset="0" yoffset="-1" xadvance="11" page="0" chnl="15" />
    <char id="8221" x="179" y="42" width="10" height="7" xoffset="0" yoffset="-1" xadvance="11" page="0" chnl="15" />
  </chars>
</font>
